,uri,target_context,annotation,annotations,delulu,giving,alpha,chopped,epic,fire
429338,https://www.learncram.com/cbse/mcq-questions-for-class-8-science-chapter-3/,non-biodegradable answer answer d non-biodegradable question plastic that can resist fire is a bakelite b melamine c pvc d duroplast answer,,,0,0,0,0,0,1
507147,https://candabet.com/?content=slot&provider=pp,dragon rise of pyramids fruity treats starlight princess pachi wildies fire strike bigger bass bonanza raging bull rise of giza powernudge,,,0,0,0,0,0,1
197648,http://www.escapistmagazine.com/forums/read/7.403556-Wrestler-Dave-Bautista-Joins-Guardians-Of-The-Galaxy-Cast,a super hero movie and drax despite his abillity to fire energy is one of the more physical members of the,,,0,0,0,0,0,1
473830,http://www.abc22now.com/shared/news/top-stories/stories/wkef_vid_11958.shtml,toys r us early more than displaced by thanksgiving night fire update police capture screwdriver assault suspect grey thursday brings out,,,0,1,0,0,0,1
310400,http://www.wimdu.co.il/offers/1V2IAZ8T?review_page=1&search_geolocation=104194-ouddorp,didn't work and the ones who did was very low fire and we took ages to cook and to get the,,,0,0,0,0,0,1
1314995,https://www.mlbtraderumors.com/2011/01/beimel-has-several-irons-in-the-fire.html,to pro football rumors beimel has several irons in the fire by mike axisa january at pm cdt it's been a,,,0,0,0,0,0,1
1212337,https://www.scottishmaritimemuseum.org/age-of-oil-exhibition-events-programme/,writer and assistant producer of bafta award winning film piper alpha fire in night’ based on his book of the same,,,0,0,1,0,0,1
294798,http://www.smogon.com/forums/threads/cap-5-part-4-primary-ability-discussion.3479675/page-6,the steel-types that are supposed to counter it with hp fire it may not be the best offensive pokemon around but,,,0,0,0,0,0,1
899107,https://dpsnews.utah.gov/tag/5-year-old/,in the line of duty while fighting the mendocino complex fire our collective breaths stopped we couldn’t believe it our friend,,,0,0,0,0,0,1
213773,http://www.bicycling.com/training-nutrition/nutrition-weight-loss/foods-heal?cm_mmc=Active-_-6_Essentials_For_A_Long_Bike_Ride-_-Slideshow-_-Foods_That_Heal&quicktabs_3=0,bucket of water on inflammation but they don't put the fire out entirely says dietitian cynthia sass next last related content,,,0,0,0,0,0,1
519445,https://egeneralplan.vcrma.org/programs/?view_program=LU-O,services parks and recreational facilities law enforcement and emergency services fire protection conservation open space biological resources coastal resources scenic resources,,,0,0,0,0,0,1
1283433,http://www.ramonpla.com/modern-side-tables-for-living-room,kit menards fire ring fire pits lowes with stones gas fire pit ideas wood burning outdoor fire pit high quality fire,,,0,0,0,0,0,1
1346643,http://davesdistrictblog.blogspot.com/,money is the weapon who is in the line of fire old cannon at minerva terrace in hull old days mean,,,0,0,0,0,0,1
347326,https://agsafety.osu.edu/search/site/sites%20agsafety%20files%20d6%20files%20Vol4No1%20Jan2011%20pdf?page=5&f%5B0%5D=hash%3Apwxd80&f%5B1%5D=hash%3A4ms6td&f%5B2%5D=hash%3Anlosy0&f%5B3%5D=hash%3At2bqqb&f%5B4%5D=hash%3Ahl5ss1&f%5B5%5D=hash%3A2phugs&f%5B6%5D=hash%3A8q3irj&f%5B7%5D=hash%3Ajsnsgu,emergency procedures for osu employees emergency procedures for agritourism facilities fire prevention fire extinguishers hot work welding cutting brazing drug free,,,0,0,0,0,0,1
1094158,https://akernelofnonsense.wordpress.com/2019/01/07/top-ten-tuesday-most-anticipated-releases-for-the-first-half-of-2019-by-latinx-authors/?like_comment=29714&_wpnonce=0b82553605,year and this one centers indigenous latina voices with the fire on high by elizabeth acevedo release date may th the,,,0,0,0,0,0,1
92332,http://epiviosis.com/survival-sports/tag/Fire/,survival sports news and articles survival sports scott health safety fire prevention published on tuesday november fire prevention is a function,,,0,0,0,0,0,1
184701,http://www.rap4.com/200g-co2-tank-cylinder-empty,firearms-spec accessoriesclothing and armorvests pouches and holsterselectronicspatches camo tapesurvival gear swag rap free gift with purchase in-store and event items event,,,0,0,0,0,0,1
773778,http://ikinterior.com/z.html,forums ally financial inc are going and what sort of fire storm or theft loss deduction anywhere near one of our,,,0,0,0,0,0,1
848880,http://mollylarkin.com/2012/06/,a candle be conscious of the fact that you’re handling fire a representation of the sun and a sacred gift from,,,0,0,0,0,0,1
962152,http://www.ohio.com/blogs/mass-destruction/blog-of-mass-destruction-1.298992/i-see-bad-people-1.379858?month=10&year=2010,a sudden he makes his presence known in several rapid fire earthly stories seems odd but then we're talkin' about god,,,0,0,0,0,0,1
104887,https://www.boredpanda.com/doodles-during-meeting-book-beastflaps/?utm_content=inf_11_2558_2&utm_source=facebook&utm_medium=link&utm_campaign=socialedge,artist artist starts a colorful wedding dress business after her fire wedding dress goes viral what's wrong with my cat online,,,0,0,0,0,0,1
1129256,https://www.nottinghampost.com/news/local-news/train-station-arsonist-jailed-25-3202328,pleaded guilty saying on january shortly before am a major fire broke out in the female concourse toilets of nottingham station,,,0,0,0,0,0,1
352775,https://www.derivefigurine.com/fr/173-wonder-woman,fast and furious fat princess fate stay night final fantasy fire emblem firestorm five nights at freddy's food wars shokugeki no,,,0,0,0,0,0,1
37640,https://www.webnuz.com/list/Techcrunch/2019/09,new fire tv-branded devices including a next-generation fire tv cube fire tv edition soundbar from anker its fir pm gmt -,,,0,0,0,0,0,1
923271,http://www.enworld.org/forum/showthread.php?468810-GUIDE-By-your-Powers-Combined-A-Land-Druid-Handbook,d fire damage as a bonus action as well as giving some really great area denial since enemies will have to,,,0,1,0,0,0,1
646678,https://uklandpower.com/2020/04/21/tanks-or-indirect-fires-if-we-cant-afford-both-which-should-we-choose/?like_comment=39607&_wpnonce=49652a6e02,to km mm base-bleed rounds with precision guidance kits general fire support to km mm vulcano long-range precision guided rounds -precision,,,0,0,0,0,0,1
1103501,https://epikfails.com/tag/queen-elizabeth/,mongolian empire the mongols the monitor the monte carlo winery fire the montgolfier bros the montgolfier brothers the moon the moon,,,0,0,0,0,0,1
5561,http://www.lucasforums.com/archive/index.php/t-150856.html,show a lot as a kid their names were wheeler fire quami earth gi water russian girl wind ma-ti heart gaia,,,0,0,0,0,0,1
495390,http://topics.nytimes.com/top/news/sports/soccer/major-league-soccer/los-angeles-galaxy/index.html?offset=20&s=newest,and donovan landon los angeles galaxy soccer team soccer chicago fire soccer team advertising go to the goal blog advertising most,,,0,0,0,0,0,1
1186893,http://furnituredefinitionspictures.com/tag/best-buy-tv-stands-oak/,skip to content furniture definition pictures home accents benches aquarium fire places home office tv stand bedroom single bed double bed,,,0,0,0,0,0,1
677811,https://100vampirenovels.net/pdf-novels/divinescream-by-benjamin-kane-ethridge-free,it’ll only be a few minutes come on there’s a fire ladder right outside or is the view too good up,,,0,0,0,0,0,1
1263043,https://www.villageoffranklinpark.com/events/special_committee_of_the_whole/,content home departments building clerk's office community development engineering finance fire health mayor's office police public works zoning contact us quicklinks,,,0,0,0,0,0,1
610245,https://www.philosophyetc.net/2016/02/opposite-day-charity-begins-at-home.html?showComment=1455149701808,worse in terms of consistency of motivation how about avaricious fire imps whatever let us take for granted liz’s absurd whim,,,0,0,0,0,0,1
330017,https://www.sacredhearthfrictionfire.com/blog/archives/10-2017,- slavic - living fire ancestral fire what is fire fire dieties symbolism methods history of fire friction methods neid-fire fire,,,0,0,0,0,0,1
207056,http://www.newstimes.com/policereports/article/Linen-closet-fire-damages-townhouse-4166867.php,linen closet fire damages townhouse - newstimes skip this header,,,0,0,0,0,0,1
973165,https://www.exoticpebblesandglass.com/?mpfy_map=1161&mpfy-pin=3529,rock with a truly unique and modern look of exotic fire glass our reflective or natural fire glass range is perfect,,,0,0,0,0,0,1
969457,https://liliputing.com/walmarts-onn-media-streamer-is-a-4k-android-tv-box-for-30/,long will my fire tablet get security updates latest news fire tablet news fire tv stick news kindle news linux smartphones,,,0,0,0,0,0,1
1062341,https://www.bandwidthplace.com/utah/mount-carmel/,williams streaming media players are the rage jun in amazon fire tv apple tv google chromecast hulu media players netflix roku,,,0,0,0,0,0,1
395777,http://jeziora.gq/page/files_490,guide to mastering your kindle fire hd not available kindle fire hd instruction manual the ultimate guide to mastering your kindle,,,0,0,0,0,0,1
237365,http://www.prweb.com/releases/Earth-Wind-Fire-Tour-2013/Concert-Tickets-Dates/prweb10807207.htm,prairie tx november tennessee theatre knoxville tn the earth wind fire tour is to be a showcase of the iconic band's,,,0,0,0,0,0,1
181230,http://www.archive.org/stream/revisedollendor00unkngoog/revisedollendor00unkngoog_djvu.txt,nature to manage how do you manage to make a fire without tongs f i do it thus you go about,,,0,0,0,0,0,1
456463,https://www.gohitcounter.com/why-understanding-your-employee-insurance-benefits-is-important/,site for youtube video downloads the when and where of fire extinguishers search for recent posts athletics playing enhance your current,,,0,0,0,0,0,1
548428,http://www.therolladailynews.com/article/20130218/NEWS/302189962/0/Super%20Bowl,and mali news to knowwhile investigators know roughly where the fire started it may be up to a year before they,,,0,0,0,0,0,1
913956,https://ntmn.org/events/friends-of-oak-cliff-parks-bird-walk-at/?mo=12&yr=2024,of more info the big burn teddy roosevelt and the fire that saved america at brit reads hybrid at december pm,,,0,0,0,0,0,1
227505,https://www.moonofalabama.org/2021/10/how-ap-reuters-and-scmp-propagandize-their-readers-against-china.html?cid=6a00d8341c640e53ef026bdef55ffe200c,the usn and its allies will last when the chinese fire salvoes of a or even as missiles per day for,,,0,0,0,0,0,1
785191,http://n93.info/singles-dating-sites-over-40/,was the terminatory recycler endogenously over podiatry is the fancy fire bli neder sopping comradeship colludes from the caretaker sites is,,,0,0,0,0,0,1
410442,"http://www.ciao.co.uk/sr/q-carter%27s,tc-5297255",knows she's no domestic goddess she's scatterbrained she needs a fire extinguisher at the ready when she's cooking and she daily,,,0,0,0,0,0,1
1291855,http://www.mmo-champion.com/threads/1283425-Sinister-Primal-Diamond-for-FIRE?p=20895192&viewfull=1,the difference between a good fire mage and a great fire mage can be sizable spreading dots timing cds trinket procs,,,0,0,0,0,0,1
16155,http://ntserver1.ad.wsu.edu/masc/finders/pc122.htm,in depleted eurotia communitysouth of malta idahojune agropyron spicatum after fire in artemisia tridentata agropyron with dead crown burned outhanford washington,,,0,0,0,0,0,1
181930,http://www.cheatsguru.com/nds/children_of_mana/walkthrough/2147676.htm,on to trap chests certain gems will allow you to fire three arrows in different directions at the same time one,,,0,0,0,0,0,1
