,uri,target_context
3114,http://www.spike.com/episodes/b2ciwb/all-access-weekly-app-making-101-wii-u-batman-inc-season-1-ep-122,of the legendary jacques cousteau uses a few of his rad gadgets to give us a futuristic look into the ocean
9802,http://www.ugr.es/~fmunoz/htmlenglish/List_of_treaties.html,portuguese empire treaty of novgorod russo-swedish truce treaty of nagyv rad recognizes john z polya as the king of hungary while
37610,https://www.meaningofname-baby.com/kurt/,which is from the german elements kuon meaning bold and rad meaning counsel origin of kurt name gender of kurt analysis
16646,http://raddadzine.blogspot.com/2016/,- i do have some back issues and magazines of rad dad but send me an email to see what's available
24475,https://stabmag.com/news/berate-my-approach-well-id-love-to-see-theirs-alex-knost/,wow that was rad shane dorian wow mental matt hoy epic nathan webster and more there s only one other name
25405,http://www.lafashionsnob.com/2014/09/28/ak-showroom/,see the line in person but this line looks pretty rad from what i ve seen on their website gorgeous prints
6263,http://epicdangerblog.com/index.php/2012/08/miss-e-the-ronald-mcdonald-house-calgary-family-photographer/,s to staying far away from calgary for you super rad folks here s what we created together
20587,https://blog.halsteadbead.com/2016/05/02/halstead-jewelry-minute-with-case-of-the-nomads/,to do as a business casey sheppard is on a rad adventure with case of the nomads a year-long road trip
12685,http://www.the-house.com/snbd-libtech.html?refine.pagenumber=4&refine.itemsperpage=40&refine.price=310.00%20-%20339.99,with power transfer internal sidewalls and hybrid elliptical cambers these rad snowboards will let you dominate the mountain while also looking
19405,https://whitelines.com/videos/wltv/katie-blundell-20112012-season-edit.html,of the handrail shots the effortless cab at and the rad double tail grab off the shotgun rail at nice work
1681,http://www.ybw.com/forums/showthread.php?209760-Head-Gasket-Check/page2&p=2206607,an old daihatsu that had been fitted with the wrong rad cap which prevented it releasing steam spectacular when hoses started
3497,http://www.jeepforum.com/forum/f12/tub-removal-358797/,header tanks on the driver side inner fender for the rad overflow and washer fluid take the hose off the rad
31617,http://rkjmediang.com/sports-30-365622,snz bite alarm funkbissanzeiger mit koffer case schutzh lle funkset rad wheels mm a bluee glide longboard rider approved designs redington
17243,https://fitbottomedgirls.com/2013/12/is-it-finally-cool-to-exercise/,acceptable to work out but it s also pretty darn rad to get sweaty and give it your all working out
3500,http://www.jeepforum.com/forum/f12/tub-removal-358797/,in the center unbolt that and lift off the grill rad after draining the rad tranny cooler if used and removing
13000,http://water2heal.us/,the first months of use due to calcium buildup the rad self-clean system will become legendary for its superior performance even
18200,http://jalopnik.com/270914/tiff-flogs-the-gt3-rs?tag=fifth-gear,oddball dorks who've always loved s and think s are rad it is an undeniable car and we constantly castigate people
16643,http://raddadzine.blogspot.com/2016/,hi -- it's tomas founder and editor of rad dad rad families - you can now order both books
19962,https://terminalmontage.newgrounds.com/reviews/game,type and if it's super effective or not would be rad interface could use improvement most of all i think everything
12999,http://water2heal.us/,they begin to over heat miracle max uses the new rad self cleaning system radial action de-calcification is another breakthrough utilized
7176,http://inhabitat.com/green-design-valentines-for-the-designers-architects-and-visionaries-we-love/jonas-damon/?extend=1,world they decided to start a company though their super rad and cozy hats tees and accessories for men and women
1912,http://www.tampabay.com/blogs/divas/index.page?startDate=2013-03-01&endDate=2013-03-31,the spiegel catalog it still exists and they have some rad stuff like this way funky equestrian jacket i guess it's
23917,https://onderaykurt.wordpress.com/author/onderaykurt/,methodology ssadm dynamic systems development method dsdm rapid application development rad etc itil is primarily interested in the overall management of
400,http://www.rubyhornet.com/rh-premiere-showyousuck-all-based-everything-dont-talk-to-cops-remix/,talk to the cops remix last week showyousuck dropped all rad everything produced by cardo who hails from out east today
15451,https://www.slrlounge.com/profile/32463/,following andy amii are a husband and wife team of rad wedding photographers sunshine reign photography who absolutely love life and
25410,https://wanderatory.wordpress.com/2012/12/14/gifts-that-give-twice/,signed on yet for the wannabe bad-ass w a - rad temporary tattoos benefiting orphans in kenya - buy here http
7690,http://uncommonhandmade.com/collections/frontpage/products/vintage-camera-wall-hanging,this colorful vintage camera cutout wall hanging is a rad addition to your wall makes the perfect gift for the
36150,https://gatrees.org/learn-explore/recreational-benefits-of-trees/,performance in the work place and classroom green local economies rad this article to learn about economic benefits of trees in
14189,http://showstudio.com/projects/tag/interviews/page:2/sort:title/direction:asc,smits romina karamanea roland maas rodarte rie rasmussen christopher raeburn rad hourani pulver ppq postweiler hauber pierre hardy peter bertsch petar
21939,https://www.veteranstoday.com/2014/09/03/vt-nuclear-education-history-of-mini-nukes/,airburst radius meters time of max temperature seconds area of rad exposure sq miles blast wave effects overpressure lb sq inch
1684,http://www.ybw.com/forums/showthread.php?209760-Head-Gasket-Check/page2&p=2206607,the system will work at the pressure set by the rad cap unless it is faulty - usually letting pressure go
24398,http://www.fitzgraham.co.uk/what-we-offer/ballet.html,our students study the highly acclaimed royal academy of dance rad syllabus and is taught by fully qualified rad teachers students
33643,https://germany.direct-sarms.com/whats-the-side-effects-of-sarms/,is another type of sarms take between and mg of rad for more than to weeks and then take a break
1683,http://www.ybw.com/forums/showthread.php?209760-Head-Gasket-Check/page2&p=2206607,lose coolant if not you have nothing to worry about rad cap pressure gauges are only useful for checking for leaks
11800,http://projectact.ning.com/friends/KathleenHoulihan,you very well but you seem cool so have a rad summer and k i t at the academy of creative
17699,http://jamanetwork.com/journals/jamafacialplasticsurgery/fullarticle/1891614,viscosity were obtained over an angular frequency range of to rad s at hz adipose-derived ecm had a mean sd storage
15305,http://www.mastersinaccounting.info/montana/,research and analysis bureau http wsd dli mt gov service rad asp
20148,https://clone.nl/all/sale/?/instock/sale=&sort=datum&order=desc,now some years ago one song was featured on the rad more inch enfant terrible petitenfatn in stock - - -
24399,http://www.fitzgraham.co.uk/what-we-offer/ballet.html,of dance rad syllabus and is taught by fully qualified rad teachers students will be taught by teachers who have performed
20238,http://ricedaddies.blogspot.com/2007/02/happy-24th-blogaversary-rd.html?showComment=1170944820000,of that old indie left-of-center spirit check out tomas moniz' rad dad zine at http raddadzine blogspot com thanks for the
17210,http://followmarla.blogspot.com/2011/08/meet-our-august-sponsors-part-two-of-3.html,a wife to a laid back dude momma to a rad little lady in my corner of the internet you will
3499,http://www.jeepforum.com/forum/f12/tub-removal-358797/,and feed it all back around in front of the rad up thru the driver side hole and back to the
6440,https://beerblotter.wordpress.com/tag/founders-brewing/,the cosign plus tangent and come up with these pretty rad rankings bon appetite i believe its a bit more simple
1629,http://fec.gov/press/press2012/20120523compldisc.shtml,the rad procedures please contact debbie chacona assistant staff director rad at email example com and for comments questions or further
37151,http://downloadine.com/designsponge.html,is no chamner of commerce in excellent old garden grove lol also if he rad the comments at all he would
23583,https://www.projecttimes.com/articles/managing-complex-projects-that-are-too-large-too-long-and-too-costly.html,repair significantly reducing risk compared to single comprehensive delivery caution rad can be costly if requirements aren't well-defined causing a high
41077,https://www.laarzenlaarsjes.nl/KOYO/53829.html,mm diameter d advisory mm thickness b advisory mm category rad bearing ltd remark koyo u bearing price we specialize in
20830,https://obesitytimebomb.blogspot.com/2009/08/susie-orbach-at-asdah.html,angry i felt today meanwhile orbach now knows what the rad fatties think of her she knows she knows
10023,http://www.symfony-project.org/plugins/apostrophePlugin/1_0_11?tab=plugin_contribute,- created a brand new awesome a-btn mini button its rad release - - support classes for functional tests of apostrophe
17051,https://www.missguided.eu/malka-check-shorty-jumper-grey,now off with short sleeves and a ribbed neckline this rad little knit is easy to work at any occasion get
