,uri,target_context,annotation,annotations,delulu,giving,alpha,chopped
897357,https://www.moveablefeast.recipes/2013/06/simply-delicious-homemade-salsa.html,tomatoes - oz can original ro tel small onion roughly chopped clove garlic peeled and smashed - oz can diced green,,,0,0,0,1
575993,http://phinfever.com/forums/viewtopic.php?p=4101,talk spiritual talk powered by phpbb forum software phpbb limited chopped and modified by coots original design by prosk r,,,0,0,0,1
647208,http://strawberriesforsupper.com/swiss-chard-with-garlic-scapes-and-cultured-butter/,nutrition powerhouse ingredients lb fresh swiss chard washed and roughly chopped tbsp cultured butter or regular butter garlic scape diced or,,,0,0,0,1
321181,https://wednyblogg.com/wet-burritos/,its comforting and indulgent qualities ingredients lb ground beef advertisementscup chopped onion tsp minced garlic tsp cumin tsp salt tsp pepper,,,0,0,0,1
246520,https://www.foodandwine.com/recipes/slow-cooker-mushroom-stroganoff-egg-noodles,season with salt and black pepper to taste garnish with chopped parsley and serve make ahead the stroganoff can be refrigerated,,,0,0,0,1
954947,https://marieletseat.com/2011/09/16/bar-b-q-place-fort-payne-al/,deserve to be in that tourism brochure i thought the chopped pork was just fine smoky if just a little dry,,,0,0,0,1
124147,https://spicedblog.com/teriyaki-glazed-meatballs/,spoon additional teriyaki glaze over meatballs and then sprinkle with chopped green onions related posts meatball breadstick skewers pull apart meatball,,,0,0,0,1
548688,http://28cooks.blogspot.com/2008/03/just-because-its-vegan-raw-vegan.html?showComment=1205794320000,all in food processor until ingredients are well mixed and chopped press into a small square baking pan and freeze for,,,0,0,0,1
8719,http://www.e90post.com/forums/showthread.php?p=14208989,please keep the muffler on i just got my muffler chopped off with my dual set up and holy drone the,,,0,0,0,1
1172753,https://www.OrderTXKabobCafe.com/,and carrots served with your choice of dressing shirazi salad chopped cucumber tomatoes onion tossed with lemon juice olive oil and,,,0,0,0,1
706825,https://cupnbowl.com/tag/recipe/page/2/,if you want to go crazy add some sultanas and chopped walnuts as well as a small crated carrot and you,,,0,0,0,1
122127,https://www.rhiansrecipes.com/homemade-dominos-pizza-garlic-herb-dip-vegan-gf/comment-page-1/,ingredients such as raw garlic vinegar agave lemon juice mustard chopped parsley and a pinch of salt and pepper it's also,,,0,0,0,1
736326,https://twocupsofhealth.com/wprm_print/recipe/1053,peeled cored and chopped cup rice uncooked cup turkey breast cooked and cut into bite size pieces tsp salt tsp pepper,,,0,0,0,1
562519,http://www.diaryofalocavore.com/2010/03/,for bottom -inch pie crust tablespoons butter divided medium onion chopped lemon slice seeds removed and tart firm apples peeled and,,,0,0,0,1
305960,http://www.foodily.com/s/Apple-Pie-Recipe-no-null-Sunset,brown sugar - tablespoons cold butter or mar - cup chopped hazelnuts - show all nutrition match calories per gram total,,,0,0,0,1
911832,https://projectself.com.au/we-made-a-frozen-baby/,this blog post ended up far too lengthy so i chopped it in half added some strawberry jam and stuck it,,,0,0,0,1
938452,http://www.bonappetempt.com/2011/08/bittersweet-chocolate-pudding.html?showComment=1314610181751,good-quality bittersweet chocolate such as scharffen berger or valrhona finely chopped cups heavy cream tablespoons sugar pinch of kosher or sea,,,0,0,0,1
1263251,https://cooknshare.com/recipe/recipe/page/2/?ingredient=Cooked%20diced%20chicken%20-%203%20boneless%20skinless%20breasts,garlic whole ginger ginger ale ginger chopped ginger powder ginger chopped ginger minced golden or dark corn syrup good pinch of,,,0,0,0,1
186650,http://www.foodily.com/s/memorial-day-pea-quinoa-no-(extra-virgin-olive-oil),cooked deveined shrim - eggs lightly scrambled - green onions chopped - optional add sriracha sauce for - show all nutrition,,,0,0,0,1
847422,http://chowdivine.com/guilt-free-grain-free-almond-blueberry-muffins/,salt set it aside loosely chop the dates add the chopped dates coconut butter vanilla extract lemon juice and flax seed,,,0,0,0,1
1182891,https://www.charlotteobserver.com/living/south-park-magazine/article9050468.html,french bakery serves tablespoons butter or olive oil cloves garlic chopped teaspoon caraway seed pounds butternut squash peeled seeded and chopped,,,0,0,0,1
1419138,http://www.hungry-girl.com/recipe-makeovers/show/2039/like,drinks at home yay ingredients tsp shredded sweetened coconut roughly chopped tbsp unsweetened cocoa powder tbsp fat-free non-dairy powdered creamer like,,,0,0,0,1
369550,https://www.vegrecipesofindia.com/indori-poha-recipe/,fennel seeds let the fennel seeds splutter add green chili chopped stir and saut for a few seconds keep flame to,,,0,0,0,1
1213992,http://mountainstatesrosen.com/recipe/quinoa-crusted-veal-cutlets,chopped roasted green beans avocado chopped green onions chopped cup chopped red bell pepper tablespoon chopped dill pickle ingredients for the,,,0,0,0,1
675358,http://www.foodily.com/s/Ginger-Chicken-Soup-no-null-no-toasted,b chickens chicken carcasses cups chicken broth yellow onions whole chopped -inch chunk fresh ginger sl cup canola oil or any,,,0,0,0,1
1293437,http://www.jsgd.com/daucuscarota/?currentPage=137,and work there will also be a designer’s version of chopped happening simultaneously where some of boston’s designers fight to the,,,0,0,0,1
198146,http://thefooddudecooks.blogspot.com.au/2011/09/,wine tbs oven roasted cherry tomatoes bunch sage cloves garlic chopped large green olives minced extra virgin olive oil or tbs,,,0,0,0,1
1110762,http://www.care2.com/greenliving/4-powerful-qualities-of-positive-people.html,h years ago sorry a part of my post got chopped in the middle they are what they choose oh was,,,0,0,0,1
1406200,https://keralasdotlive.wordpress.com/2016/08/21/aloo-channa-chaat-tangy-potato-chickpea-snack/?like_comment=1488&_wpnonce=8928010704&replytocom=1204,ingredients cooked channa chickpeas cup diced potatoes cooked cup finely chopped onion of a medium onion finely chopped tomato tomato finely,,,0,0,0,1
1150383,https://www.fslplymouth.co.uk/premium-600g-fire-rated-fibreglass-roofing-kits/fire-rated-600g-premium-grp-fibreglass-roofing-kit-90m/,kg grey fire retardant topcoat kg square metres of g chopped strand mat catalyst hardener kg kit with tools also contains,,,0,0,0,1
567254,https://www.economybites.tv/tag/2017/8/2015/7/index.html,cup vegetable broth - can chickpeas well rinse and coarsely chopped -s p to taste - corn tortillas green tomatillo sauce,,,0,0,0,1
1127266,https://www.audioholics.com/news/sanus-basic-series-furniture-and-no-drill-tv-mount-kit-preview,lb weight capacity on the bottom shelf maybe if i chopped my amp in half i have to agree with this,,,0,0,0,1
633589,http://ebuild.in/glossary/grass-cloth,the whole wall together bonded rebonded foamcarpet underlay padding of chopped foam and filler materials bonded together by heat pressure and,,,0,0,0,1
860525,http://alphagameplan.blogspot.com/2015/03/gamma-not-omega.html?showComment=1427561288374,the reverse you've put the tail before the horse then chopped off the horse's head and declared it to be a,,,0,0,0,1
23384,http://www.deepsouthdish.com/2011/03/braun-bon-brown-good-smothered-potatoes.html?showComment=1301494175880,bottomed pot add the water top that with of the chopped onions top this with about of the potatoes in a,,,0,0,0,1
1117416,http://realfoodfast.blogspot.com/2009/08/,fat yogurt c flat leaf parsley chopped - t tarragon chopped t capers t lime juice t olive oil salt and,,,0,0,0,1
496927,http://helengraves.co.uk/2011/11/pork-knuckle-pibil/,sauce and guacamole for the sauce a red onion finely chopped scotch bonnets finely chopped teaspoon salt ml orange juice mix,,,0,0,0,1
508097,https://www.veginoc.com/tag/shouldbevegan/,herbed cauliflower - - cauliflower olive oil garlic minced parsley chopped lemon zest salt red pepper flakes more or less to,,,0,0,0,1
997168,http://www.motherearthnews.com/nature-and-environment/seafood-foraging-sapelo-island-zmaz89sozshe.aspx,liquid is absorbed serves steamed mussels cup chopped celery cup chopped onion cup chopped carrot sprigs parsley whole cloves bay leaves,,,0,0,0,1
1331505,http://my.foodnetwork.com/community/eyeflyby/style.esi?userid=45745021,contessa watch best thing i ever ate watch full episodes chopped diners drive-ins and dives the pioneer woman more full episodes,,,0,0,0,1
1230194,http://www.thefoodpsychologist.net/thefoodpsych/tag/summer/,dishes here are a few examples -peach muffins -chopped and cooked as a topping for yogurt pancakes or waffles -highlighted as,,,0,0,0,1
1341986,http://no2lorriesinbutepark.blogspot.com/,lopped back for lorries to pass after dozens of tress chopped down for building a theatre and a huge bridge for,,,0,0,0,1
377453,https://www.pinterest.com/jaydensmommy929/new-recipes-to-try-3/,on because that would've been amazing maybe mix in some chopped baby tomatoes too next time and there will be a,,,0,0,0,1
1345411,http://www.kraftrecipes.com/recipes/double-decker-tacos-50166.aspx?tab=recipe,pkg oz kraft shredded cheddar cheese cups shredded lettuce tomatoes chopped cup breakstone's or knudsen sour cream make it cook meat,,,0,0,0,1
675188,http://www.therawtarian.com/comment/10756,up - vote down hi ash you could use currants chopped dates chopped apricots dried pineapple or you could probably just,,,0,0,0,1
672722,http://m.allrecipes.com/recipe/231452/black-eyed-peas-with-collard-greens-and-turnips?sitepref=m,peeled and chopped add to shopping list bunch collard greens chopped add to shopping list cloves garlic minced add to shopping,,,0,0,0,1
13471,http://sjrecipes.angelcities.com/seafood_disk_101.htm,oil garlic cloves minced lb tomatoes skinned seeded and finely chopped sun-dried tomatoes in oil pounded to a paste c white,,,0,0,0,1
7919,http://www.yummly.com/recipes/filipino-fruits-and-vegetables,broccoli florets and more mixed vegetable saute country crock finely chopped onion ground black pepper red bell pepper sliced baby carrots,,,0,0,0,1
851073,http://ashleyakers.blogspot.com/2013_03_01_archive.html,to soften though that may not be necessary i added chopped red bell pepper turkey breast and red scallion the key,,,0,0,0,1
389909,http://www.oriyarasoi.com/2016/11/ghora-pitha.html,- - mins ingredients - cup arwa rice cup coconut chopped into small bits tsp salt sugar as per taste tsp,,,0,0,0,1
