uri,target_context,is_slang
https://greydynamics.com/the-ghost-gun-an-interview-with-one-of-the-pioneers-of-3d-gun-printing-world-ivan-the-troll/,is it possible to print a complete gun ivan the troll it is possible to print all but a firing pin,0
http://sacred-texts.com/neu/celt/tfm/tfm033.htm,that underneath there was music and dancing and a splendid troll banquet the man stood a long time gazing on their,0
http://hfboards.hockeysfuture.com/showpost.php?p=36517989&postcount=89,thought jarek said he had better things to do than troll campbell good stuff absolute joke you clearly have no idea,1
http://www.bullshido.net/forums/showthread.php?t=107824&p=2582970&viewfull=1,funny originally posted by notquitesane i think is just a troll vai chael sonnen faz a gente feliz - chael on,0
http://arstechnica.com/tech-policy/2013/02/pissed-off-politicians-want-loser-pays-rule-for-patent-trolls/?comments=1&post=23968755,to be transferred to a loser-pays system one man's patent troll is another's independent inventor it's a tough divide to navigate,0
http://www.komonews.com/communities/fremont?r&orig=http%3A%2F%2Ffremont.komonews.com%2Fbusiness-directory%2Fgrocery-stores%2F629547%2Fmarketime-foods,the front yard of a house across from the fremont troll early friday morning she's yet to take office as seattle's,0
http://www.wattwhite.com/bio/,with anne hathaway watt performs the voice of the rocking troll in season of nickelodeon s wallykazam watt s acclaimed solo,0
http://www.linuxtv.org/pipermail/linux-dvb/2007-July/019153.html,result don't work as good as thanks for your default troll response just because the code is reverse engineered or written,1
http://www.mtv.co.uk/sophie-kasaei/news/sophie-kasaei-had-the-perfect-response-when-a-troll-compared-her-lips-to-a-cats-anus,sophie kasaei had the perfect response when a troll compared her lips to a cat's anus this was always,1
http://loveyourrocks.com/information.php?info_id=22&osCsid=9466ca2161d973a66abdca39d22f3e81,my fascination then was to make clothes for my treasured troll collection i have spent most of my career caught up,0
http://mwebphoto.com/forced-entries/?shared=email&msg=fail,art and especially photography glenn kenny is not some internet troll he is one of the more astute and knowledgeable critics,1
https://www.eff.org/sh/issues/resources-patent-troll-victims,targeted by trolls what is a patent troll a patent troll uses patents as legal weapons instead of actually creating any,0
https://fashun.ca/casino-in-monroe-ohio/,through google drive star casino the bonus level with a troll is launched everyone understands that the odds favor the house,0
http://grognardia.blogspot.com/2010/06/open-friday.html?showComment=1276288316054,a rear guard action in the first session tharadyne a troll swordmaster for fasa's earthdawn arcturus grimm a ranger who despite,0
http://www.mtv.co.uk/sophie-kasaei/news/sophie-kasaei-had-the-perfect-response-when-a-troll-compared-her-lips-to-a-cats-anus,pet giving a pretty explicit review of sophie's mouth the troll declared lips look like a cat s arse luckily sophie,1
http://dailybestiary.blogspot.com/2015/03/,interlopers with weakness just as the hungry flesh strikes the troll gods are barely gods at all more like inchoate manifestations,0
https://jakegyllenhaalwatch.blogspot.com/2006/09/jake-and-lance-hang-out-on-some-stairs.html?showComment=1158222360000,here it's a zoo where's my troll pokin' stick the troll is at and spouting its usual insane crap wft deletes,1
https://fishwrapwriter.com/2014/03/28/4282014/,and outdoors-themed fashions time should always be allocated for a troll through the worm bar there really is a worm bar,0
http://www.stephankinsella.com/paf-podcast/kol-038-debate-with-robert-wenzel-on-intellectual-property/?replytocom=1142509,incompetence was it a tactical mistake to engage this mental troll i don t know was it immoral to mock him,1
http://onecosmos.blogspot.com/2009/08/obama-medicine-man.html,an accusation if you had called goddinpotty our current house troll in charge of trolling a fascist back then he would,1
https://carrollestewart.wordpress.com/2019/04/07/the-curse-of-the-eclipsing-blood-moon-chapter-7/?replytocom=5699,when i ripped the throat out of that rabid were troll hybrid who was going to eat that family none what,0
https://en.wikipedia.org/wiki/Salazar_Slytherin,reveals that he was the one who let in the troll and attempted to throw harry off his broom while snape,0
http://www.angelfire.com/la3/goldenroad15/episode39.html,them up stella wants to know where she learned the troll language from and layla explains that as a princess she,0
https://greydynamics.com/the-ghost-gun-an-interview-with-one-of-the-pioneers-of-3d-gun-printing-world-ivan-the-troll/,of the art of the ghost gunner world ivan the troll the glock frame seems to have lots of people excited,0
https://recoverati.com/part-ii-pregnant-pause/?doing_wp_cron=1674661104.0016379356384277343750,the fetus growing inside of me to inanimate objects like troll dolls and handheld video game consoles i made it a,0
http://www.facesoflawsuitabuse.org/2014/06/oregon-home-builder-pushes-back-against-patent-troll/,used for decades is now being targeted by a patent troll and experts say this could impact the entire construction industry,0
http://www.lawschooldiscussion.org/index.php?action=profile;u=8287;area=showposts;start=50,the system and hasn't posted a single useless message a troll and that somehow extends to an entire group of people,1
https://www.eff.org/sh/issues/resources-patent-troll-victims,developers and companies targeted by trolls what is a patent troll a patent troll uses patents as legal weapons instead of,0
https://learn.howstuffworks.com/quiz/93-people-cant-identify-these-objects-that-only-baby-boomers-remember-can-you-learn?amp%3Bremoradef=0&amp;amp%3Bremorapos=7&amp;amp%3Bremoraexp=LHSW_4220_2X_SNAP&amp;remorapos=4&amp;remorasrc=130053db-9ede-4d2f-9d0c-c8861d6c5448&amp;remoradef=0,of every typewriter s functioning as it contained the ink troll dolls first came on the scene in their scary-but-cute features,0
https://crohnology.com/blog,no feeding it reminded me of crohn's much like a troll it is an unwanted presence in my body in my,1
http://www.gardenersworld.com/forum/talkback/morning-forkers/76198-12.html,warm - no snow here - yet it's a different troll sock puppet - not the jc one but i'm fairly,0
https://nationalvanguard.org/2016/01/cyber-war-10/,and the third reich are clear indications that a jew troll is on the other end apparently these people cannot resist,1
https://telecom.economictimes.indiatimes.com/news/gab-ai-sues-google-post-removal-from-play-store/60727004,attracted a number of controversial alt-right figures such as internet troll milo yiannopoulos and neo-nazi daily stormer editor andrew anglin after,1
http://www.jantakareporter.com/india/begun-fear-now-even-girls-started-drinking-beer/172415/,twitter users consisting mostly women launched a hashtag girlswhodrinkbeer to troll the former defence minister women users posted their photos with,1
https://sftheaterpub.wordpress.com/2014/10/23/,does not exist in a vacuum i m not a troll never have been never will be i don t say,1
http://arstechnica.com/tech-policy/2013/02/pissed-off-politicians-want-loser-pays-rule-for-patent-trolls/?comments=1&post=23968755,world bill tries to figure out who s a patent troll the trick of course is defining exactly what kind of,0
http://blogoftheenders.blogspot.com/2008/11/comment-thread-of-week.html,the handle concerned observer soon other people were spoofing the troll watch and learn this is why trolls don't visit libertarian,1
https://www.washingtonpost.com/education/2019/10/11/latina-novelist-spoke-about-white-privilege-students-burned-her-book-response/?wpisrc=nl_headlines&wpmm=1,had a different reaction and used photos and videos to troll crucet on twitter one student sent a photo of ripped,1
https://arstechnica.com/tech-policy/2013/05/newegg-nukes-corporate-troll-alcatel-in-third-patent-appeal-win-this-year/?comments=1&post=24500667&mode=quote,and wide-ranging patent licensing campaigns in history embracing the patent troll model even as it maintained operating businesses in other realms,0
http://www.mspaforums.com/showthread.php?34044-TROLL!COPS-The-AU&p=5044379&viewfull=1,human woman being mugged by a pair of men one troll and one human the little birds inside them were flying,0
https://www.law.upenn.edu/live/news/2254-new-study-by-prof-shyam-balganesh-the-trouble-with,almost entirely on the legal enforcement of these rights the troll relies either on the threat of litigation to force a,0
https://dgmgjobs.com/job/66311-digital-marketer-researcher-and-educator-ahrefs-pte-ltd,product - optional ghostwrite funny jokes for ahrefs cmo to troll josh sam on slack - solid knowledge of digital marketing,1
https://www.law.upenn.edu/live/news/2254-new-study-by-prof-shyam-balganesh-the-trouble-with,a defendant balganesh writes moreover he points out because a troll unlike an author or creator has no financial interest in,0
https://rockpapermusic.com/2014/02/28/empathy-is-the-antidote-to-everything/?like_comment=2281&_wpnonce=01f180e447,to learn something compelling them to rather than snark and troll as a matter of habit share discuss and maybe learn,1
http://www.lawschooldiscussion.org/index.php?action=profile;u=8287;area=showposts;start=50,in general and why would anyone here believe an arrogant troll who with those supposed statistics somehow still needs to pretend,1
http://rascalflattsmusic.us/?p=26,industry having worked with such iconic artists as valeria mumiy troll dima malikov gruppa fm and many others mr shulgin owns,0
http://dailybestiary.blogspot.com/2015/03/,revenge on behalf of her lost men my conception of troll religion is one part d d gazetteer series and one,0
https://encyclopediadramatica.wiki/index.php/Science,proove that your results aren't consistant simply call them a troll that refuses to accept scientific evidence or is employed by,1
http://www.mangashare.com/forums/threads/12852-Happy-Birthday-to-me...?goto=nextoldest,dances around with fletcher i'm surprised cipo hasn't posted yet troll tagged by uzumaki tim happy birthday fletcher-chama i promise we'll,1
https://m.bendsource.com/OffPiste/archives/2010/12/21/seasons-greetings-a-merry-christmas-to-all,the latter portion of which follows but my song i troll out for christmas stout the hearty the true and the,0